index,instance,family,group,parameters,seed,n,m,gamma_dsi,expected_gamma_dsi,known_value_check,status,wall_time_seconds,cbc_wall_time_seconds,cbc_gap,cbc_lower_bound,cbc_nodes,cbc_iterations,red_size,blue_size,red_vertices,blue_vertices,lp_file,log_file,solution_file
1,P20,path,paths,n=20,,20,19,11,11,pass,Optimal,0.045318,0.01,,,0,0,6,5,0 3 7 11 15 19,2 5 9 13 17,lp/P20.lp,logs/P20.log,solutions/P20.sol
2,C20,cycle,cycles,n=20,,20,20,10,10,pass,Optimal,0.016339,0.00,,,0,0,5,5,1 5 9 13 17,3 7 11 15 19,lp/C20.lp,logs/C20.log,solutions/C20.sol
3,S20,star,stars,n=20,,20,19,19,19,pass,Optimal,0.014673,0.00,,,0,0,1,18,1,2 3 4 5 6 7 8 9 10 11 12 13 14 15 16 17 18 19,lp/S20.lp,logs/S20.log,solutions/S20.sol
4,P40,path,paths,n=40,,40,39,21,21,pass,Optimal,0.034723,0.01,,,0,0,11,10,0 4 8 12 15 19 23 27 31 35 39,2 6 10 14 17 21 25 29 33 37,lp/P40.lp,logs/P40.log,solutions/P40.sol
5,C40,cycle,cycles,n=40,,40,40,20,20,pass,Optimal,0.021405,0.00,,,0,0,10,10,0 4 8 12 16 20 24 28 32 36,2 6 10 14 18 22 26 30 34 38,lp/C40.lp,logs/C40.log,solutions/C40.sol
6,S40,star,stars,n=40,,40,39,39,39,pass,Optimal,0.013005,0.00,,,0,0,1,38,26,1 2 3 4 5 6 7 8 9 10 11 12 13 14 15 16 17 18 19 20 21 22 23 24 25 27 28 29 30 31 32 33 34 35 36 37 38 39,lp/S40.lp,logs/S40.log,solutions/S40.sol
7,P60,path,paths,n=60,,60,59,31,31,pass,Optimal,0.016904,0.01,,,0,0,16,15,0 3 7 11 15 19 23 27 31 35 39 43 47 51 55 59,2 5 9 13 17 21 25 29 33 37 41 45 49 53 57,lp/P60.lp,logs/P60.log,solutions/P60.sol
8,C60,cycle,cycles,n=60,,60,60,30,30,pass,Optimal,0.013532,0.00,,,0,0,15,15,2 6 10 14 18 22 26 30 34 38 42 46 50 54 58,0 4 8 12 16 20 24 28 32 36 40 44 48 52 56,lp/C60.lp,logs/C60.log,solutions/C60.sol
9,S60,star,stars,n=60,,60,59,59,59,pass,Optimal,0.048290,0.04,,,0,0,23,36,1 3 7 11 12 13 14 15 17 18 20 24 25 28 34 38 40 47 50 53 54 57 58,2 4 5 6 8 9 10 16 19 21 22 23 26 27 29 30 31 32 33 35 36 37 39 41 42 43 44 45 46 48 49 51 52 55 56 59,lp/S60.lp,logs/S60.log,solutions/S60.sol
10,K12,complete,complete graphs,n=12,,12,66,2,2,pass,Optimal,0.023599,0.01,,,0,0,1,1,1,11,lp/K12.lp,logs/K12.log,solutions/K12.sol
11,K20,complete,complete graphs,n=20,,20,190,2,2,pass,Optimal,0.090626,0.08,,,0,0,1,1,1,3,lp/K20.lp,logs/K20.log,solutions/K20.sol
12,K30,complete,complete graphs,n=30,,30,435,2,2,pass,Optimal,0.361776,0.35,,,0,0,1,1,1,24,lp/K30.lp,logs/K30.log,solutions/K30.sol
13,K4_8,complete bipartite,complete bipartite,"r=4,s=8",,12,32,4,4,pass,Optimal,0.067559,0.06,,,0,0,2,2,0 2,1 3,lp/K4_8.lp,logs/K4_8.log,solutions/K4_8.sol
14,K6_12,complete bipartite,complete bipartite,"r=6,s=12",,18,72,6,6,pass,Optimal,0.191270,0.18,,,6,1667,1,5,5,0 1 2 3 4,lp/K6_12.lp,logs/K6_12.log,solutions/K6_12.sol
15,K8_16,complete bipartite,complete bipartite,"r=8,s=16",,24,128,8,8,pass,Optimal,0.244413,0.23,,,4,1889,4,4,0 2 3 7,1 4 5 6,lp/K8_16.lp,logs/K8_16.log,solutions/K8_16.sol
16,Grid4x5,grid,grids,4x5,,20,31,10,,,Optimal,0.219539,0.21,,,10,3864,4,6,3 5 14 17,1 7 9 11 15 18,lp/Grid4x5.lp,logs/Grid4x5.log,solutions/Grid4x5.sol
17,Grid5x6,grid,grids,5x6,,30,49,14,,,Optimal,0.550825,0.54,,,34,5783,8,6,0 2 9 11 13 22 25 27,4 7 16 18 20 29,lp/Grid5x6.lp,logs/Grid5x6.log,solutions/Grid5x6.sol
18,Grid6x6,grid,grids,6x6,,36,60,16,,,Optimal,1.052003,1.04,,,126,10406,8,8,1 9 11 13 22 24 26 34,4 6 8 16 19 27 29 31,lp/Grid6x6.lp,logs/Grid6x6.log,solutions/Grid6x6.sol
19,Q3,cube,named graphs,3-cube,,8,12,4,,,Optimal,0.018228,0.00,,,0,0,2,2,0 7,3 4,lp/Q3.lp,logs/Q3.log,solutions/Q3.sol
20,Petersen,Petersen,named graphs,standard,,10,15,6,,,Optimal,0.243330,0.23,,,2,1709,3,3,2 4 8,0 3 9,lp/Petersen.lp,logs/Petersen.log,solutions/Petersen.sol
21,ER_n20_p020_s0,Erdos-Renyi,ER p=0.20,"n=20,p=0.20,seed=0",0,20,41,9,,,Optimal,0.042041,0.03,,,0,3,4,5,0 7 8 18,5 6 10 11 15,lp/ER_n20_p020_s0.lp,logs/ER_n20_p020_s0.log,solutions/ER_n20_p020_s0.sol
22,ER_n20_p035_s0,Erdos-Renyi,ER p=0.35,"n=20,p=0.35,seed=0",0,20,60,8,,,Optimal,0.320799,0.31,,,4,3441,4,4,0 6 7 9,1 2 4 13,lp/ER_n20_p035_s0.lp,logs/ER_n20_p035_s0.log,solutions/ER_n20_p035_s0.sol
23,Reg3_n20_s0,3-regular,3-regular,"n=20,seed=0",0,20,30,9,,,Optimal,0.028823,0.02,,,0,42,5,4,0 6 7 14 16,1 3 4 9,lp/Reg3_n20_s0.lp,logs/Reg3_n20_s0.log,solutions/Reg3_n20_s0.sol
24,ER_n20_p020_s1,Erdos-Renyi,ER p=0.20,"n=20,p=0.20,seed=1",1,20,38,9,,,Optimal,0.017056,0.01,,,0,0,6,3,2 6 10 13 14 15,1 8 12,lp/ER_n20_p020_s1.lp,logs/ER_n20_p020_s1.log,solutions/ER_n20_p020_s1.sol
25,ER_n20_p035_s1,Erdos-Renyi,ER p=0.35,"n=20,p=0.35,seed=1",1,20,66,7,,,Optimal,0.203410,0.19,,,10,4250,3,4,1 12 16,5 6 10 14,lp/ER_n20_p035_s1.lp,logs/ER_n20_p035_s1.log,solutions/ER_n20_p035_s1.sol
26,Reg3_n20_s1,3-regular,3-regular,"n=20,seed=1",1,20,30,9,,,Optimal,0.029062,0.02,,,0,33,5,4,5 6 11 14 16,8 12 13 19,lp/Reg3_n20_s1.lp,logs/Reg3_n20_s1.log,solutions/Reg3_n20_s1.sol
27,ER_n20_p020_s2,Erdos-Renyi,ER p=0.20,"n=20,p=0.20,seed=2",2,20,40,9,,,Optimal,0.030790,0.02,,,0,0,4,5,2 3 8 10,4 12 13 14 19,lp/ER_n20_p020_s2.lp,logs/ER_n20_p020_s2.log,solutions/ER_n20_p020_s2.sol
28,ER_n20_p035_s2,Erdos-Renyi,ER p=0.35,"n=20,p=0.35,seed=2",2,20,69,7,,,Optimal,0.362991,0.35,,,10,3708,4,3,2 3 8 14,4 10 13,lp/ER_n20_p035_s2.lp,logs/ER_n20_p035_s2.log,solutions/ER_n20_p035_s2.sol
29,Reg3_n20_s2,3-regular,3-regular,"n=20,seed=2",2,20,30,9,,,Optimal,0.033255,0.02,,,0,32,5,4,2 5 15 16 17,0 3 10 13,lp/Reg3_n20_s2.lp,logs/Reg3_n20_s2.log,solutions/Reg3_n20_s2.sol
30,ER_n20_p020_s3,Erdos-Renyi,ER p=0.20,"n=20,p=0.20,seed=3",3,20,33,10,,,Optimal,0.017072,0.01,,,0,0,5,5,0 2 8 13 17,4 9 14 15 18,lp/ER_n20_p020_s3.lp,logs/ER_n20_p020_s3.log,solutions/ER_n20_p020_s3.sol
31,ER_n20_p035_s3,Erdos-Renyi,ER p=0.35,"n=20,p=0.35,seed=3",3,20,63,7,,,Optimal,0.161055,0.15,,,12,3533,3,4,1 5 10,4 15 16 18,lp/ER_n20_p035_s3.lp,logs/ER_n20_p035_s3.log,solutions/ER_n20_p035_s3.sol
32,Reg3_n20_s3,3-regular,3-regular,"n=20,seed=3",3,20,30,9,,,Optimal,0.051680,0.04,,,0,11,5,4,2 10 14 17 19,4 7 9 16,lp/Reg3_n20_s3.lp,logs/Reg3_n20_s3.log,solutions/Reg3_n20_s3.sol
33,ER_n20_p020_s4,Erdos-Renyi,ER p=0.20,"n=20,p=0.20,seed=4",4,20,43,9,,,Optimal,0.486213,0.48,,,18,5590,5,4,2 6 7 11 16,4 5 8 14,lp/ER_n20_p020_s4.lp,logs/ER_n20_p020_s4.log,solutions/ER_n20_p020_s4.sol
34,ER_n20_p035_s4,Erdos-Renyi,ER p=0.35,"n=20,p=0.35,seed=4",4,20,76,6,,,Optimal,0.232147,0.22,,,10,3806,3,3,8 10 18,2 3 4,lp/ER_n20_p035_s4.lp,logs/ER_n20_p035_s4.log,solutions/ER_n20_p035_s4.sol
35,Reg3_n20_s4,3-regular,3-regular,"n=20,seed=4",4,20,30,9,,,Optimal,0.029375,0.02,,,0,37,5,4,5 7 14 15 17,1 4 8 12,lp/Reg3_n20_s4.lp,logs/Reg3_n20_s4.log,solutions/Reg3_n20_s4.sol
36,ER_n20_p020_s5,Erdos-Renyi,ER p=0.20,"n=20,p=0.20,seed=5",5,20,36,10,,,Optimal,0.038632,0.03,,,0,90,4,6,1 3 11 14,0 10 13 15 18 19,lp/ER_n20_p020_s5.lp,logs/ER_n20_p020_s5.log,solutions/ER_n20_p020_s5.sol
37,ER_n20_p035_s5,Erdos-Renyi,ER p=0.35,"n=20,p=0.35,seed=5",5,20,62,7,,,Optimal,0.300587,0.29,,,4,3172,5,2,0 1 2 3 13,5 18,lp/ER_n20_p035_s5.lp,logs/ER_n20_p035_s5.log,solutions/ER_n20_p035_s5.sol
38,Reg3_n20_s5,3-regular,3-regular,"n=20,seed=5",5,20,30,9,,,Optimal,0.044214,0.03,,,0,25,5,4,2 5 8 9 18,0 6 14 19,lp/Reg3_n20_s5.lp,logs/Reg3_n20_s5.log,solutions/Reg3_n20_s5.sol
39,ER_n20_p020_s6,Erdos-Renyi,ER p=0.20,"n=20,p=0.20,seed=6",6,20,37,10,,,Optimal,0.040808,0.03,,,0,22,4,6,5 6 11 12,0 2 7 9 13 14,lp/ER_n20_p020_s6.lp,logs/ER_n20_p020_s6.log,solutions/ER_n20_p020_s6.sol
40,ER_n20_p035_s6,Erdos-Renyi,ER p=0.35,"n=20,p=0.35,seed=6",6,20,60,7,,,Optimal,0.393599,0.38,,,8,3645,4,3,5 7 11 13,4 10 14,lp/ER_n20_p035_s6.lp,logs/ER_n20_p035_s6.log,solutions/ER_n20_p035_s6.sol
41,Reg3_n20_s6,3-regular,3-regular,"n=20,seed=6",6,20,30,9,,,Optimal,0.031035,0.02,,,0,16,4,5,1 3 6 17,0 9 10 15 19,lp/Reg3_n20_s6.lp,logs/Reg3_n20_s6.log,solutions/Reg3_n20_s6.sol
42,ER_n20_p020_s7,Erdos-Renyi,ER p=0.20,"n=20,p=0.20,seed=7",7,20,47,9,,,Optimal,0.161777,0.15,,,4,2393,5,4,2 4 9 14 18,3 5 8 11,lp/ER_n20_p020_s7.lp,logs/ER_n20_p020_s7.log,solutions/ER_n20_p020_s7.sol
43,ER_n20_p035_s7,Erdos-Renyi,ER p=0.35,"n=20,p=0.35,seed=7",7,20,75,6,,,Optimal,0.058645,0.05,,,0,141,3,3,6 15 19,4 8 18,lp/ER_n20_p035_s7.lp,logs/ER_n20_p035_s7.log,solutions/ER_n20_p035_s7.sol
44,Reg3_n20_s7,3-regular,3-regular,"n=20,seed=7",7,20,30,10,,,Optimal,0.210338,0.20,,,8,3841,5,5,1 3 8 10 18,0 7 9 13 16,lp/Reg3_n20_s7.lp,logs/Reg3_n20_s7.log,solutions/Reg3_n20_s7.sol
45,ER_n20_p020_s8,Erdos-Renyi,ER p=0.20,"n=20,p=0.20,seed=8",8,20,39,10,,,Optimal,0.084087,0.07,,,0,394,4,6,0 4 7 10,6 11 14 16 17 18,lp/ER_n20_p020_s8.lp,logs/ER_n20_p020_s8.log,solutions/ER_n20_p020_s8.sol
46,ER_n20_p035_s8,Erdos-Renyi,ER p=0.35,"n=20,p=0.35,seed=8",8,20,65,7,,,Optimal,0.450181,0.44,,,22,4294,4,3,6 10 12 18,0 14 19,lp/ER_n20_p035_s8.lp,logs/ER_n20_p035_s8.log,solutions/ER_n20_p035_s8.sol
47,Reg3_n20_s8,3-regular,3-regular,"n=20,seed=8",8,20,30,9,,,Optimal,0.032651,0.02,,,0,54,4,5,1 5 9 15,0 4 7 8 14,lp/Reg3_n20_s8.lp,logs/Reg3_n20_s8.log,solutions/Reg3_n20_s8.sol
48,ER_n20_p020_s9,Erdos-Renyi,ER p=0.20,"n=20,p=0.20,seed=9",9,20,49,8,,,Optimal,0.049025,0.04,,,0,42,5,3,0 1 6 10 13,9 11 17,lp/ER_n20_p020_s9.lp,logs/ER_n20_p020_s9.log,solutions/ER_n20_p020_s9.sol
49,ER_n20_p035_s9,Erdos-Renyi,ER p=0.35,"n=20,p=0.35,seed=9",9,20,68,7,,,Optimal,0.225726,0.22,,,24,4113,4,3,0 1 6 10,9 11 17,lp/ER_n20_p035_s9.lp,logs/ER_n20_p035_s9.log,solutions/ER_n20_p035_s9.sol
50,Reg3_n20_s9,3-regular,3-regular,"n=20,seed=9",9,20,30,9,,,Optimal,0.036582,0.03,,,0,31,5,4,3 4 5 11 18,0 2 10 12,lp/Reg3_n20_s9.lp,logs/Reg3_n20_s9.log,solutions/Reg3_n20_s9.sol
51,ER_n30_p020_s0,Erdos-Renyi,ER p=0.20,"n=30,p=0.20,seed=0",0,30,84,11,,,Optimal,0.542600,0.53,,,15,4396,5,6,1 11 17 20 27,0 7 8 10 16 24,lp/ER_n30_p020_s0.lp,logs/ER_n30_p020_s0.log,solutions/ER_n30_p020_s0.sol
52,ER_n30_p035_s0,Erdos-Renyi,ER p=0.35,"n=30,p=0.35,seed=0",0,30,143,7,,,Optimal,0.342722,0.33,,,9,4107,4,3,6 9 16 24,5 8 21,lp/ER_n30_p035_s0.lp,logs/ER_n30_p035_s0.log,solutions/ER_n30_p035_s0.sol
53,Reg3_n30_s0,3-regular,3-regular,"n=30,seed=0",0,30,45,14,,,Optimal,0.461435,0.45,,,38,7544,7,7,8 9 20 21 22 27 29,0 3 5 7 12 19 23,lp/Reg3_n30_s0.lp,logs/Reg3_n30_s0.log,solutions/Reg3_n30_s0.sol
54,ER_n30_p020_s1,Erdos-Renyi,ER p=0.20,"n=30,p=0.20,seed=1",1,30,86,11,,,Optimal,0.638923,0.63,,,35,6510,6,5,4 6 10 11 12 13,8 18 20 21 24,lp/ER_n30_p020_s1.lp,logs/ER_n30_p020_s1.log,solutions/ER_n30_p020_s1.sol
55,ER_n30_p035_s1,Erdos-Renyi,ER p=0.35,"n=30,p=0.35,seed=1",1,30,165,7,,,Optimal,0.696792,0.68,,,29,5263,4,3,21 22 23 26,13 20 29,lp/ER_n30_p035_s1.lp,logs/ER_n30_p035_s1.log,solutions/ER_n30_p035_s1.sol
56,Reg3_n30_s1,3-regular,3-regular,"n=30,seed=1",1,30,45,13,,,Optimal,0.123201,0.11,,,0,1966,7,6,2 6 8 11 16 17 26,5 9 12 22 27 28,lp/Reg3_n30_s1.lp,logs/Reg3_n30_s1.log,solutions/Reg3_n30_s1.sol
57,ER_n30_p020_s2,Erdos-Renyi,ER p=0.20,"n=30,p=0.20,seed=2",2,30,84,12,,,Optimal,0.630684,0.62,,,44,6472,4,8,4 14 20 27,11 15 18 21 23 25 26 29,lp/ER_n30_p020_s2.lp,logs/ER_n30_p020_s2.log,solutions/ER_n30_p020_s2.sol
58,ER_n30_p035_s2,Erdos-Renyi,ER p=0.35,"n=30,p=0.35,seed=2",2,30,143,7,,,Optimal,0.466934,0.46,,,6,4307,3,4,8 16 20,4 9 23 24,lp/ER_n30_p035_s2.lp,logs/ER_n30_p035_s2.log,solutions/ER_n30_p035_s2.sol
59,Reg3_n30_s2,3-regular,3-regular,"n=30,seed=2",2,30,45,14,,,Optimal,0.329523,0.32,,,18,6210,7,7,0 7 9 12 15 25 26,2 11 17 19 20 28 29,lp/Reg3_n30_s2.lp,logs/Reg3_n30_s2.log,solutions/Reg3_n30_s2.sol
60,ER_n30_p020_s3,Erdos-Renyi,ER p=0.20,"n=30,p=0.20,seed=3",3,30,82,11,,,Optimal,0.472223,0.46,,,8,5198,5,6,0 3 13 14 28,8 10 20 21 22 25,lp/ER_n30_p020_s3.lp,logs/ER_n30_p020_s3.log,solutions/ER_n30_p020_s3.sol
61,ER_n30_p035_s3,Erdos-Renyi,ER p=0.35,"n=30,p=0.35,seed=3",3,30,147,7,,,Optimal,0.462845,0.45,,,4,4482,3,4,8 10 28,0 5 13 14,lp/ER_n30_p035_s3.lp,logs/ER_n30_p035_s3.log,solutions/ER_n30_p035_s3.sol
62,Reg3_n30_s3,3-regular,3-regular,"n=30,seed=3",3,30,45,13,,,Optimal,0.103776,0.09,,,0,2261,6,7,1 5 12 17 26 28,0 3 10 16 18 23 29,lp/Reg3_n30_s3.lp,logs/Reg3_n30_s3.log,solutions/Reg3_n30_s3.sol
63,ER_n30_p020_s4,Erdos-Renyi,ER p=0.20,"n=30,p=0.20,seed=4",4,30,91,11,,,Optimal,0.264125,0.25,,,14,4153,6,5,9 13 14 16 20 23,0 6 11 21 22,lp/ER_n30_p020_s4.lp,logs/ER_n30_p020_s4.log,solutions/ER_n30_p020_s4.sol
64,ER_n30_p035_s4,Erdos-Renyi,ER p=0.35,"n=30,p=0.35,seed=4",4,30,154,8,,,Optimal,0.522773,0.51,,,64,6695,4,4,2 7 19 24,0 9 27 29,lp/ER_n30_p035_s4.lp,logs/ER_n30_p035_s4.log,solutions/ER_n30_p035_s4.sol
65,Reg3_n30_s4,3-regular,3-regular,"n=30,seed=4",4,30,45,13,,,Optimal,0.368534,0.36,,,7,4704,7,6,3 6 20 22 26 27 28,2 4 12 18 19 23,lp/Reg3_n30_s4.lp,logs/Reg3_n30_s4.log,solutions/Reg3_n30_s4.sol
66,ER_n30_p020_s5,Erdos-Renyi,ER p=0.20,"n=30,p=0.20,seed=5",5,30,86,10,,,Optimal,0.045552,0.03,,,0,43,5,5,4 16 18 22 27,2 6 10 17 29,lp/ER_n30_p020_s5.lp,logs/ER_n30_p020_s5.log,solutions/ER_n30_p020_s5.sol
67,ER_n30_p035_s5,Erdos-Renyi,ER p=0.35,"n=30,p=0.35,seed=5",5,30,148,7,,,Optimal,0.720969,0.71,,,33,6922,4,3,10 23 26 28,1 8 29,lp/ER_n30_p035_s5.lp,logs/ER_n30_p035_s5.log,solutions/ER_n30_p035_s5.sol
68,Reg3_n30_s5,3-regular,3-regular,"n=30,seed=5",5,30,45,14,,,Optimal,0.373631,0.36,,,48,6949,7,7,0 4 5 16 17 20 28,6 14 22 24 26 27 29,lp/Reg3_n30_s5.lp,logs/Reg3_n30_s5.log,solutions/Reg3_n30_s5.sol
69,ER_n30_p020_s6,Erdos-Renyi,ER p=0.20,"n=30,p=0.20,seed=6",6,30,101,9,,,Optimal,0.170526,0.16,,,2,1384,5,4,3 6 11 21 25,16 17 23 27,lp/ER_n30_p020_s6.lp,logs/ER_n30_p020_s6.log,solutions/ER_n30_p020_s6.sol
70,ER_n30_p035_s6,Erdos-Renyi,ER p=0.35,"n=30,p=0.35,seed=6",6,30,144,8,,,Optimal,0.538688,0.53,,,88,7707,4,4,16 17 23 27,9 10 25 29,lp/ER_n30_p035_s6.lp,logs/ER_n30_p035_s6.log,solutions/ER_n30_p035_s6.sol
71,Reg3_n30_s6,3-regular,3-regular,"n=30,seed=6",6,30,45,14,,,Optimal,0.301694,0.29,,,22,6256,7,7,2 7 9 10 17 22 26,0 8 12 20 23 24 27,lp/Reg3_n30_s6.lp,logs/Reg3_n30_s6.log,solutions/Reg3_n30_s6.sol
72,ER_n30_p020_s7,Erdos-Renyi,ER p=0.20,"n=30,p=0.20,seed=7",7,30,102,10,,,Optimal,0.592911,0.58,,,22,6514,6,4,11 12 18 24 26 29,0 5 19 27,lp/ER_n30_p020_s7.lp,logs/ER_n30_p020_s7.log,solutions/ER_n30_p020_s7.sol
73,ER_n30_p035_s7,Erdos-Renyi,ER p=0.35,"n=30,p=0.35,seed=7",7,30,172,7,,,Optimal,0.569590,0.56,,,80,6755,4,3,0 10 18 20,8 14 27,lp/ER_n30_p035_s7.lp,logs/ER_n30_p035_s7.log,solutions/ER_n30_p035_s7.sol
74,Reg3_n30_s7,3-regular,3-regular,"n=30,seed=7",7,30,45,14,,,Optimal,0.446367,0.44,,,40,6860,7,7,0 1 14 17 18 21 25,16 20 22 24 27 28 29,lp/Reg3_n30_s7.lp,logs/Reg3_n30_s7.log,solutions/Reg3_n30_s7.sol
75,ER_n30_p020_s8,Erdos-Renyi,ER p=0.20,"n=30,p=0.20,seed=8",8,30,81,11,,,Optimal,0.135528,0.12,,,0,1078,6,5,1 4 13 17 20 25,10 12 21 22 27,lp/ER_n30_p020_s8.lp,logs/ER_n30_p020_s8.log,solutions/ER_n30_p020_s8.sol
76,ER_n30_p035_s8,Erdos-Renyi,ER p=0.35,"n=30,p=0.35,seed=8",8,30,143,8,,,Optimal,0.405578,0.40,,,26,4735,4,4,7 12 26 29,8 10 21 22,lp/ER_n30_p035_s8.lp,logs/ER_n30_p035_s8.log,solutions/ER_n30_p035_s8.sol
77,Reg3_n30_s8,3-regular,3-regular,"n=30,seed=8",8,30,45,14,,,Optimal,0.421147,0.41,,,42,7162,7,7,1 2 5 10 13 15 28,3 6 9 16 19 21 25,lp/Reg3_n30_s8.lp,logs/Reg3_n30_s8.log,solutions/Reg3_n30_s8.sol
78,ER_n30_p020_s9,Erdos-Renyi,ER p=0.20,"n=30,p=0.20,seed=9",9,30,107,10,,,Optimal,0.804517,0.79,,,72,8896,5,5,0 10 14 15 17,1 9 21 27 28,lp/ER_n30_p020_s9.lp,logs/ER_n30_p020_s9.log,solutions/ER_n30_p020_s9.sol
79,ER_n30_p035_s9,Erdos-Renyi,ER p=0.35,"n=30,p=0.35,seed=9",9,30,166,7,,,Optimal,0.427546,0.42,,,36,5114,3,4,13 24 25,10 16 18 27,lp/ER_n30_p035_s9.lp,logs/ER_n30_p035_s9.log,solutions/ER_n30_p035_s9.sol
80,Reg3_n30_s9,3-regular,3-regular,"n=30,seed=9",9,30,45,14,,,Optimal,0.332747,0.32,,,32,6313,7,7,3 4 6 9 18 22 23,2 8 12 13 19 26 29,lp/Reg3_n30_s9.lp,logs/Reg3_n30_s9.log,solutions/Reg3_n30_s9.sol
81,ER_n40_p020_s0,Erdos-Renyi,ER p=0.20,"n=40,p=0.20,seed=0",0,40,162,11,,,Optimal,0.847366,0.84,,,8,8224,6,5,3 4 8 12 33 36,9 16 22 23 26,lp/ER_n40_p020_s0.lp,logs/ER_n40_p020_s0.log,solutions/ER_n40_p020_s0.sol
82,ER_n40_p035_s0,Erdos-Renyi,ER p=0.35,"n=40,p=0.35,seed=0",0,40,269,7,,,Optimal,1.089961,1.08,,,20,6038,3,4,7 26 31,16 19 29 35,lp/ER_n40_p035_s0.lp,logs/ER_n40_p035_s0.log,solutions/ER_n40_p035_s0.sol
83,Reg3_n40_s0,3-regular,3-regular,"n=40,seed=0",0,40,60,18,,,Optimal,0.707287,0.70,,,18,5997,10,8,0 2 3 5 6 8 10 17 21 26,1 14 18 23 28 30 34 37,lp/Reg3_n40_s0.lp,logs/Reg3_n40_s0.log,solutions/Reg3_n40_s0.sol
84,ER_n40_p020_s1,Erdos-Renyi,ER p=0.20,"n=40,p=0.20,seed=1",1,40,149,13,,,Optimal,1.306739,1.30,,,74,10998,6,7,0 4 15 16 17 30,1 7 12 21 25 28 31,lp/ER_n40_p020_s1.lp,logs/ER_n40_p020_s1.log,solutions/ER_n40_p020_s1.sol
85,ER_n40_p035_s1,Erdos-Renyi,ER p=0.35,"n=40,p=0.35,seed=1",1,40,273,7,,,Optimal,1.484422,1.47,,,28,6768,4,3,5 9 28 31,3 26 35,lp/ER_n40_p035_s1.lp,logs/ER_n40_p035_s1.log,solutions/ER_n40_p035_s1.sol
86,Reg3_n40_s1,3-regular,3-regular,"n=40,seed=1",1,40,60,18,,,Optimal,0.759967,0.75,,,61,10828,8,10,2 5 12 20 35 36 37 38,1 7 17 21 22 25 30 31 33 39,lp/Reg3_n40_s1.lp,logs/Reg3_n40_s1.log,solutions/Reg3_n40_s1.sol
87,ER_n40_p020_s2,Erdos-Renyi,ER p=0.20,"n=40,p=0.20,seed=2",2,40,150,12,,,Optimal,0.570028,0.56,,,22,5522,7,5,11 16 22 25 30 35 38,1 3 13 23 32,lp/ER_n40_p020_s2.lp,logs/ER_n40_p020_s2.log,solutions/ER_n40_p020_s2.sol
88,ER_n40_p035_s2,Erdos-Renyi,ER p=0.35,"n=40,p=0.35,seed=2",2,40,262,8,,,Optimal,2.556790,2.54,,,164,16057,4,4,4 10 14 29,1 2 12 23,lp/ER_n40_p035_s2.lp,logs/ER_n40_p035_s2.log,solutions/ER_n40_p035_s2.sol
89,Reg3_n40_s2,3-regular,3-regular,"n=40,seed=2",2,40,60,18,,,Optimal,0.680955,0.67,,,70,11051,9,9,6 14 19 22 24 25 28 33 38,2 5 8 17 21 30 31 32 34,lp/Reg3_n40_s2.lp,logs/Reg3_n40_s2.log,solutions/Reg3_n40_s2.sol
90,ER_n40_p020_s3,Erdos-Renyi,ER p=0.20,"n=40,p=0.20,seed=3",3,40,161,11,,,Optimal,1.304567,1.30,,,186,12748,6,5,11 14 15 31 35 38,17 18 20 22 24,lp/ER_n40_p020_s3.lp,logs/ER_n40_p020_s3.log,solutions/ER_n40_p020_s3.sol
91,ER_n40_p035_s3,Erdos-Renyi,ER p=0.35,"n=40,p=0.35,seed=3",3,40,270,7,,,Optimal,1.593310,1.58,,,68,8835,3,4,4 16 34,9 17 20 31,lp/ER_n40_p035_s3.lp,logs/ER_n40_p035_s3.log,solutions/ER_n40_p035_s3.sol
92,Reg3_n40_s3,3-regular,3-regular,"n=40,seed=3",3,40,60,18,,,Optimal,0.853484,0.84,,,81,11558,9,9,6 9 11 18 20 22 25 30 33,3 4 13 23 24 28 34 37 38,lp/Reg3_n40_s3.lp,logs/Reg3_n40_s3.log,solutions/Reg3_n40_s3.sol
93,ER_n40_p020_s4,Erdos-Renyi,ER p=0.20,"n=40,p=0.20,seed=4",4,40,168,11,,,Optimal,1.598076,1.58,,,102,9175,6,5,7 12 15 16 18 34,0 9 10 11 35,lp/ER_n40_p020_s4.lp,logs/ER_n40_p020_s4.log,solutions/ER_n40_p020_s4.sol
94,ER_n40_p035_s4,Erdos-Renyi,ER p=0.35,"n=40,p=0.35,seed=4",4,40,290,7,,,Optimal,1.363549,1.35,,,51,7018,4,3,12 23 25 29,2 16 24,lp/ER_n40_p035_s4.lp,logs/ER_n40_p035_s4.log,solutions/ER_n40_p035_s4.sol
95,Reg3_n40_s4,3-regular,3-regular,"n=40,seed=4",4,40,60,18,,,Optimal,0.659806,0.65,,,73,12307,9,9,3 5 16 18 23 26 31 32 39,8 20 21 22 25 27 33 34 36,lp/Reg3_n40_s4.lp,logs/Reg3_n40_s4.log,solutions/Reg3_n40_s4.sol
96,ER_n40_p020_s5,Erdos-Renyi,ER p=0.20,"n=40,p=0.20,seed=5",5,40,166,12,,,Optimal,1.283172,1.27,,,120,11858,7,5,3 4 13 17 18 26 31,8 24 25 32 37,lp/ER_n40_p020_s5.lp,logs/ER_n40_p020_s5.log,solutions/ER_n40_p020_s5.sol
97,ER_n40_p035_s5,Erdos-Renyi,ER p=0.35,"n=40,p=0.35,seed=5",5,40,279,8,,,Optimal,1.514451,1.50,,,86,9488,4,4,2 9 30 35,6 7 12 18,lp/ER_n40_p035_s5.lp,logs/ER_n40_p035_s5.log,solutions/ER_n40_p035_s5.sol
98,Reg3_n40_s5,3-regular,3-regular,"n=40,seed=5",5,40,60,18,,,Optimal,0.605585,0.59,,,48,10002,9,9,0 1 3 4 10 17 21 29 39,6 7 8 16 18 19 25 31 35,lp/Reg3_n40_s5.lp,logs/Reg3_n40_s5.log,solutions/Reg3_n40_s5.sol
99,ER_n40_p020_s6,Erdos-Renyi,ER p=0.20,"n=40,p=0.20,seed=6",6,40,173,11,,,Optimal,1.276116,1.27,,,164,11903,4,7,1 4 17 22,5 10 11 20 25 34 39,lp/ER_n40_p020_s6.lp,logs/ER_n40_p020_s6.log,solutions/ER_n40_p020_s6.sol
100,ER_n40_p035_s6,Erdos-Renyi,ER p=0.35,"n=40,p=0.35,seed=6",6,40,267,8,,,Optimal,1.571136,1.56,,,90,8132,4,4,5 7 15 17,1 4 25 32,lp/ER_n40_p035_s6.lp,logs/ER_n40_p035_s6.log,solutions/ER_n40_p035_s6.sol
101,Reg3_n40_s6,3-regular,3-regular,"n=40,seed=6",6,40,60,18,,,Optimal,0.607965,0.60,,,64,10851,9,9,7 9 11 19 24 25 30 35 36,0 3 5 6 13 15 18 22 38,lp/Reg3_n40_s6.lp,logs/Reg3_n40_s6.log,solutions/Reg3_n40_s6.sol
102,ER_n40_p020_s7,Erdos-Renyi,ER p=0.20,"n=40,p=0.20,seed=7",7,40,168,11,,,Optimal,0.923114,0.91,,,22,6860,6,5,14 17 24 32 34 36,3 4 9 16 33,lp/ER_n40_p020_s7.lp,logs/ER_n40_p020_s7.log,solutions/ER_n40_p020_s7.sol
103,ER_n40_p035_s7,Erdos-Renyi,ER p=0.35,"n=40,p=0.35,seed=7",7,40,302,7,,,Optimal,1.497218,1.49,,,78,8366,3,4,17 25 29,11 20 24 39,lp/ER_n40_p035_s7.lp,logs/ER_n40_p035_s7.log,solutions/ER_n40_p035_s7.sol
104,Reg3_n40_s7,3-regular,3-regular,"n=40,seed=7",7,40,60,18,,,Optimal,0.688073,0.68,,,60,10462,9,9,0 5 10 16 18 21 23 25 37,3 4 6 28 29 30 32 35 38,lp/Reg3_n40_s7.lp,logs/Reg3_n40_s7.log,solutions/Reg3_n40_s7.sol
105,ER_n40_p020_s8,Erdos-Renyi,ER p=0.20,"n=40,p=0.20,seed=8",8,40,137,13,,,Optimal,1.046123,1.04,,,50,8497,6,7,13 17 21 29 30 31,0 4 8 16 18 19 26,lp/ER_n40_p020_s8.lp,logs/ER_n40_p020_s8.log,solutions/ER_n40_p020_s8.sol
106,ER_n40_p035_s8,Erdos-Renyi,ER p=0.35,"n=40,p=0.35,seed=8",8,40,246,9,,,Optimal,3.285340,3.27,,,510,27757,5,4,14 18 20 21 25,1 4 24 37,lp/ER_n40_p035_s8.lp,logs/ER_n40_p035_s8.log,solutions/ER_n40_p035_s8.sol
107,Reg3_n40_s8,3-regular,3-regular,"n=40,seed=8",8,40,60,18,,,Optimal,0.618266,0.61,,,63,11067,9,9,6 8 16 26 30 32 36 38 39,2 17 18 19 20 21 27 28 34,lp/Reg3_n40_s8.lp,logs/Reg3_n40_s8.log,solutions/Reg3_n40_s8.sol
108,ER_n40_p020_s9,Erdos-Renyi,ER p=0.20,"n=40,p=0.20,seed=9",9,40,182,11,,,Optimal,1.746479,1.74,,,190,12613,6,5,7 18 21 31 34 36,10 22 28 30 33,lp/ER_n40_p020_s9.lp,logs/ER_n40_p020_s9.log,solutions/ER_n40_p020_s9.sol
109,ER_n40_p035_s9,Erdos-Renyi,ER p=0.35,"n=40,p=0.35,seed=9",9,40,287,8,,,Optimal,2.878199,2.87,,,290,19380,4,4,3 19 29 34,10 12 22 25,lp/ER_n40_p035_s9.lp,logs/ER_n40_p035_s9.log,solutions/ER_n40_p035_s9.sol
110,Reg3_n40_s9,3-regular,3-regular,"n=40,seed=9",9,40,60,18,,,Optimal,0.707000,0.70,,,44,12239,9,9,0 15 16 29 34 35 37 38 39,2 4 6 8 9 11 22 27 31,lp/Reg3_n40_s9.lp,logs/Reg3_n40_s9.log,solutions/Reg3_n40_s9.sol
